SCHOOL_YEAR,FIPST,STATENAME,ST,SEA_NAME,STATE_AGENCY_NO,MSTREET1,MSTREET2,MSTREET3,MCITY,MSTATE,MZIP,MZIP4,LSTREET1,LSTREET2,LSTREET3,LCITY,LSTATE,LZIP,LZIP4,PHONE,WEBSITE,G_13_OFFERED,G_UG_OFFERED,UG_TCH_OFFERED,OPERATIONAL_SCHOOLS,OPERATIONAL_LEAS
2017-2018,01,ALABAMA,AL,Alabama State Department of Education,01,PO Box 302101,,,Montgomery,AL,36130,2101,50 North Ripley Street,,,Montgomery,AL,36104,2101,(334)242-9700,http://www.alsde.edu,No,No,No,1474,176
2017-2018,02,ALASKA,AK,Alaska Department of Education and Early Development,01,P.O. Box 110500,,,Juneau,AK,99811,0500,801 W. 10th Street Suite 200,,,Juneau,AK,99811,,(907)465-2800,http://education.alaska.gov/,No,No,No,509,54
2017-2018,04,ARIZONA,AZ,Arizona Department of Education,01,1535 W. JEFFERSON STREET,,,PHOENIX,AZ,85007,3280,1535 W. Jefferson Street,,,Phoenix,AZ,85007,3280,(602)542-5393,http://www.azed.gov,No,Yes,No,2331,700
2017-2018,05,ARKANSAS,AR,ARKANSAS DEPARTMENT OF EDUCATION,01,FOUR CAPITOL MALL,ROOM 304A,,LITTLE ROCK,AR,72201,,FOUR CAPITOL MALL,ROOM 304A,,LITTLE ROCK,AR,72201,,(501)628-4475,http://ArkansasEd.org,No,Yes,Yes,1087,293
2017-2018,06,CALIFORNIA,CA,California Department of Education,01,1430 N Street,,,Sacramento,CA,95814,5901,1430 N Street,,,Sacramento,CA,95814,5901,(916)319-0800,http://www.cde.ca.gov/index.asp,No,Yes,Yes,10323,1156
2017-2018,08,COLORADO,CO,Colorado Department of Education,01,201 EAST COLFAX AVENUE,,,DENVER,CO,80203,1799,201 EAST COLFAX AVENUE,,,DENVER,CO,80203,1799,(303)866-6600,http://WWW.CDE.STATE.CO.US,No,No,No,1900,270
2017-2018,09,CONNECTICUT,CT,Connecticut State Department of Education,01,PO Box 2219,,,Hartford,CT,06145,2219,450 Columbus Boulevard,,,Hartford,CT,06103,1630,(860)713-6500,http://www.state.ct.us/sde,No,No,No,1031,205
2017-2018,10,DELAWARE,DE,Delaware Department of Education,01,401 Federal Street,Suite 2,,Dover,DE,19901,3639,401 Federal Street,Suite 2,,Dover,DE,19901,3639,(302)735-4000,http://www.doe.k12.de.us,No,No,No,228,46
2017-2018,11,DISTRICT OF COLUMBIA,DC,Office of the State Superintendent of Education (OSSE),01,1050 First St NE,,,Washington,DC,20002,,1050 First St NE,,,Washington,DC,20002,,(202)412-2167,http://www.osse.dc.gov,No,Yes,Yes,224,68
2017-2018,12,FLORIDA,FL,FLORIDA DEPARTMENT OF EDUCATION,01,OFFICE OF THE COMMISSIONER,TURLINGTON BUILDING STE 1514,325 WEST GAINES STREET,TALLAHASSEE,FL,32399,6533,OFFICE OF THE COMMISSIONER,TURLINGTON BUILDING STE 1514,325 WEST GAINES STREET,TALLAHASSEE,FL,32399,6533,(850)245-0505,http://WWW.FLDOE.ORG/,No,No,Yes,4322,78
2017-2018,13,GEORGIA,GA,Georgia Department of Education,01,2066 Twin Towers East,205 Jesse Hill Jr. Drive SE,,Atlanta,GA,30334,5001,2066 Twin Towers East,205 Jesse Hill Jr. Drive SE,,Atlanta,GA,30334,5001,(404)656-2800,http://www.doe.k12.ga.us,No,No,Yes,2307,232
2017-2018,15,HAWAII,HI,Hawaii Department of Education,01,PO Box 2360,,,Honolulu,HI,96804,2360,1390 Miller St,Room 411,,Honolulu,HI,96813,,(808)586-3283,http://doe.k12.hi.us,No,Yes,Yes,292,1
2017-2018,16,IDAHO,ID,Idaho State Department of Education,01,PO BOX 83720,,,BOISE,ID,83720,0027,650 West State Street,,,BOISE,ID,83720,0027,(208)332-6800,http://www.sde.idaho.gov/,No,Yes,No,741,162
2017-2018,17,ILLINOIS,IL,Illinois State Board of Education,01,100 NORTH FIRST STREET,,,Springfield,IL,62777,0001,100 NORTH FIRST STREET,,,SPRINGFIELD,IL,62777,0001,(866)262-6663,http://www.isbe.net,No,Yes,Yes,4241,1056
2017-2018,18,INDIANA,IN,Indiana Department of Education,01,Room 229 State House,,,Indianapolis,IN,46204,,115 W.Washington S.Twr Ste.600,,,Indianapolis,IN,46204,,(317)232-6610,http://www.doe.in.gov,No,Yes,Yes,1920,427
2017-2018,19,IOWA,IA,Iowa Department of Education,01,400 E. 14th & Grand,Grimes State Office Building,,Des Moines,IA,50319,0146,400 E. 14th & Grand,Grimes State Office Building,,Des Moines,IA,50319,0146,(515)281-5294,http://www.educateiowa.gov,No,No,No,1322,342
2017-2018,20,KANSAS,KS,Kansas State Department of Education,01,900 SW Jackson,,,Topeka,KS,66612,1212,900 SW Jackson,,,Topeka,KS,66612,1212,(785)296-3201,http://www.ksde.org,No,Yes,No,1319,317
2017-2018,21,KENTUCKY,KY,Kentucky Department of Education,01,Capital Plaza Tower,500 Mero St.,,Frankfort,KY,40601,,Capital Plaza Tower,500 Mero St.,,Frankfort,KY,40601,,(502)564-3141,http://www.education.ky.gov,No,Yes,Yes,1533,186
2017-2018,22,LOUISIANA,LA,Louisiana Department of Education,01,P.O. Box 94064,,,Baton Rouge,LA,70804,9064,1201 North Third Street,,,Baton Rouge,LA,70802,9999,(225)342-3602,http://www.louisianabelieves.com,No,No,No,1390,201
2017-2018,23,MAINE,ME,Maine Department of Education,01,23 State House Station,,,Augusta,ME,04333,0023,111 Sewell St.,,,Augusta,ME,04330,,(207)624-6600,http://www.maine.gov/doe/,No,No,No,599,271
2017-2018,24,MARYLAND,MD,Maryland State Department of Education,01,200 West Baltimore Street,,,Baltimore,MD,21201,2595,200 West Baltimore Street,,,Baltimore,MD,21201,2595,(410)767-0100,http://www.marylandpublicschools.org,No,No,No,1420,25
2017-2018,25,MASSACHUSETTS,MA,DEPARTMENT OF EDUCATION,01,75 Pleasant Street,,,Malden,MA,02148,4906,75 Pleasant Street,,,Malden,MA,02148,4906,(781)338-3300,http://www@doe.mass.edu,No,Yes,Yes,1854,432
2017-2018,26,MICHIGAN,MI,MI Dept of Ed (MDE) & MI Center for Ed Perf and Info (CEPI),01,608 West Allegan Street,2nd Floor,,Lansing,MI,48909,,608 West Allegan Street,2nd Floor,,Lansing,MI,48913,,(517)373-3324,http://www.michigan.gov/mde,No,Yes,Yes,3732,892
2017-2018,27,MINNESOTA,MN,Minnesota Department of Education,01,1500 Highway 36 West,,,Roseville,MN,55113,,1500 Highway 36 West,,,Roseville,MN,55113,,(651)582-8200,http://education.state.mn.us/mde/index.html,No,No,Yes,2525,564
2017-2018,28,MISSISSIPPI,MS,MISSISSIPPI DEPARTMENT OF EDUCATION,01,P. O. BOX 771,,,JACKSON,MS,39205,,359 NORTH WEST STREET,,,JACKSON,MS,39201,,(601)359-3513,http://WWW.MDE.K12.MS.US/,No,Yes,Yes,1060,157
2017-2018,29,MISSOURI,MO,MISSOURI DEPT OF ELEMENTARY AND SECONDARY EDUCATION,01,PO BOX 480,,,JEFFERSON CITY,MO,65102,0480,205 JEFFERSON STREET,,,JEFFERSON CITY,MO,65101,,(573)751-3503,http://dese.mo.gov,No,No,No,2414,566
2017-2018,30,MONTANA,MT,Montana Office of Public Instruction,01,1227 11th Avenue,P O Box 202501,,Helena,MT,59620,2501,1227 11th Avenue,,,Helena,MT,59620,2501,(406)444-3095,http://www.opi.mt.gov,No,No,No,820,485
2017-2018,31,NEBRASKA,NE,Nebraska Department of Education,01,301 Centennial Mall South,PO Box 94987,,Lincoln,NE,68509,4987,301 Centennial Mall South,,,Lincoln,NE,68509,4987,(402)471-2295,http://www.education.ne.gov,No,No,No,1095,279
2017-2018,32,NEVADA,NV,Nevada Department of Education,01,700 East Fifth Street,,,Carson City,NV,89701,,700 East Fifth Street,,,Carson City,NV,89701,,(775)687-9100,http://www.doe.nv.gov,No,Yes,Yes,708,21
2017-2018,33,NEW HAMPSHIRE,NH,NH Dept of Education,01,State Office Park South,101 Pleasant St,,Concord,NH,03301,3860,101 Pleasant Street,,,Concord,NH,03301,3860,(603)271-6133,http://www.education.nh.gov,Yes,No,No,490,305
2017-2018,34,NEW JERSEY,NJ,NEW JERSEY DEPARTMENT OF EDUCATION,01,JUDGE ROBERT L CARTER BLDG,100 RIVERVIEW PLAZA,PO Box 500,Trenton,NJ,08625,0500,JUDGE ROBERT L CARTER BLDG,100 RIVERVIEW PLAZA,PO BOX 500,Trenton,NJ,08625,0500,(877)900-6960,http://www.state.nj.us/education/,No,Yes,Yes,2594,681
2017-2018,35,NEW MEXICO,NM,New Mexico Public Education Department,01,300 DON GASPAR,,,SANTA FE,NM,87501,2786,300 DON GASPAR,,,SANTA FE,NM,87501,2786,(505)827-6526,http://www.ped.state.nm.us,No,Yes,Yes,881,151
2017-2018,36,NEW YORK,NY,NEW YORK STATE EDUCATION DEPARTMENT,01,89 WASHINGTON AVE,,,ALBANY,NY,12234,,89 WASHINGTON AVE,,,ALBANY,NY,12234,,(518)474-6569,http://www.nysed.gov,No,Yes,Yes,4795,1044
2017-2018,37,NORTH CAROLINA,NC,NC Department of Public Instruction,01,6307 Mail Service Center,,,Raleigh,NC,27699,6307,301 N Wilmington Street,,,Raleigh,NC,27601,,(919)807-3300,http://www.ncpublicschools.org,Yes,Yes,Yes,2647,314
2017-2018,38,NORTH DAKOTA,ND,North Dakota Department of Public Instruction,01,600 E BOULEVARD AVENUE,11th FLOOR,DEPARTMENT 201,BISMARCK,ND,58505,0440,600 E BOULEVARD AVENUE,11th FLOOR,DEPARTMENT 201,BISMARCK,ND,58505,0440,(701)328-2260,http://www.nd.gov/dpi,No,No,No,524,225
2017-2018,39,OHIO,OH,Ohio Department of Education,01,25 S Front St,,,Columbus,OH,43215,4176,25 S Front St,,,Columbus,OH,43215,4104,(877)644-6338,http://www.education.ohio.gov,No,No,Yes,3604,1064
2017-2018,40,OKLAHOMA,OK,OKLAHOMA STATE DEPARTMENT OF EDUCATION,01,2500 NORTH LINCOLN BLVD,,,OKLAHOMA CITY,OK,73105,4599,2500 NORTH LINCOLN BLVD,,,OKLAHOMA CITY,OK,73105,4599,(405)521-3301,http://www.sde.ok.gov,No,No,No,1800,595
2017-2018,41,OREGON,OR,Oregon Department of Education,01,255 Capitol St NE,,,Salem,OR,97310,0203,255 Capitol St NE,,,Salem,OR,97310,0203,(503)947-5600,http://www.oregon.gov/ode/,No,No,No,1249,222
2017-2018,42,PENNSYLVANIA,PA,Pennsylvania Department of Education,01,333 Market St,,,Harrisburg,PA,17126,,333 Market St,,,Harrisburg,PA,17126,,(717)783-6788,http://www.pde.state.pa.us,No,Yes,Yes,2982,788
2017-2018,44,RHODE ISLAND,RI,RHODE ISLAND DEPARTMENT OF EDUCATION,01,255 WESTMINSTER STREET,THE SHEPARD BUILDING,,PROVIDENCE,RI,02903,,255 WESTMINSTER STREET,THE SHEPARD BUILDING,,PROVIDENCE,RI,02903,,(401)222-8706,http://WWW.RIDE.RI.GOV,No,No,No,317,63
2017-2018,45,SOUTH CAROLINA,SC,South Carolina Department of Education,01,1429 SENATE STREET,,,COLUMBIA,SC,29201,3730,1429 SENATE STREET,,,COLUMBIA,SC,29201,3730,(803)734-8500,http://www.ed.sc.gov,No,No,No,1255,101
2017-2018,46,SOUTH DAKOTA,SD,South Dakota Department of Education,01,800 Governors Drive,,,Pierre,SD,57501,2294,800 Governors Drive,,,Pierre,SD,57501,,(605)773-3134,http://doe.sd.gov,No,No,No,697,166
2017-2018,47,TENNESSEE,TN,Tennessee Department of Education,01,9th Floor,Andrew Johnson Tower,710 James Robertson Pkwy,Nashville,TN,37243,0375,9th Floor,Andrew Johnson Tower,710 James Robertson Pkwy,Nashville,TN,37243,0375,(615)741-5158,http://www.tn.gov,No,No,No,1782,147
2017-2018,48,TEXAS,TX,TEXAS EDUCATION AGENCY,01,1701 NORTH CONGRESS AVENUE,,,AUSTIN,TX,78701,,1701 NORTH CONGRESS AVENUE,,,AUSTIN,TX,78701,,(512)463-9734,http://TEA.TEXAS.GOV,No,Yes,Yes,8909,1225
2017-2018,49,UTAH,UT,Utah State Board of Education,01,PO Box 144200,,,Salt Lake City,UT,84114,4200,250 E 500 S,,,Salt Lake City,UT,84111,3204,(801)538-7500,http://www.schools.utah.gov,No,No,No,1051,160
2017-2018,50,VERMONT,VT,Vermont Agency of Education,01,219 N. Main St. Suite 402,,,Barre,VT,05641,,219 N. Main St. Suite 402,,,Barre,VT,05641,,(802)479-1030,http://education.vermont.gov/,No,No,Yes,311,299
2017-2018,51,VIRGINIA,VA,Virginia Department of Education,01,PO Box 2120,,,Richmond,VA,23218,2120,101 N. 14th Street,James Monroe Building,,Richmond,VA,23219,,(804)225-2023,http://www.doe.virginia.gov,No,No,No,2113,210
2017-2018,53,WASHINGTON,WA,Office of Superintendent of Public Instruction,01,P.O. Box 47200,,,Olympia,WA,98504,7200,Old Capitol Building,600 Washington St. S.E.,,Olympia,WA,98504,7200,(360)725-6000,http://www.k12.wa.us/,No,No,No,2425,334
2017-2018,54,WEST VIRGINIA,WV,West Virginia Department of Education,01,1900 Kanawha Boulevard East,,,Charleston,WV,25305,,1900 Kanawha Boulevard East,,,Charleston,WV,25305,,(304)558-2681,http://wvde.state.wv.us,No,No,Yes,730,57
2017-2018,55,WISCONSIN,WI,Wisconsin Dept of Public Instruction,01,PO Box 7841,,,Madison,WI,53707,7841,125 S Webster St,,,Madison,WI,53703,,(800)441-4563,http://dpi.wi.gov,No,No,Yes,2261,462
2017-2018,56,WYOMING,WY,Wyoming Department of Education,01,2300 Capitol Avenue,,,Cheyenne,WY,82002,,2300 Capitol Avenue,,,Cheyenne,WY,82002,,(307)777-7673,http://edu.wyoming.gov/,No,No,No,369,62
2017-2018,59,BUREAU OF INDIAN EDUCATION,BI,Bureau of Indian Education,01,Office of the Director,1849 C Street NW,Mailstop 3609 MIB,Washington,DC,20240,,Office of the Director,1849 C Street NW,Mailstop 3609 MIB,Washington,DC,20240,,(202)208-6123,http://www.bie.edu,No,No,No,174,174
2017-2018,60,AMERICAN SAMOA,AS,American Samoa Department of Education,01,Box DOE,,,Pago Pago,AS,96799,9999,Box DOE,,,Pago Pago,AS,96799,9999,(684)633-5237,http://www.doe.as,Not reported,Not reported,Not reported,28,1
2017-2018,66,GUAM,GU,Guam Department of Education,01,500 Mariner Avenue,,,Barrigada,GU,96913,,500 Mariner Avenue,,,Barrigada,GU,96913,,(671)300-1547,http://www.gdoe.net,Not reported,Not reported,Not reported,41,1
2017-2018,72,PUERTO RICO,PR,PUERTO RICO DEPARTMENT OF EDUCATION,01,PO BOX 190759,,,SAN JUAN,PR,00919,0759,CALLE FEDERICO COSTAS NUM. 150,URB INDUSTRIAL TRES MONJITAS,,HATO REY,PR,00919,0759,(787)759-2000,http://www.de.gobierno.pr,No,Yes,Yes,1121,1
2017-2018,78,U.S. VIRGIN ISLANDS,VI,U.S. Virgin Islands Department of Education,01,1834 Kongens Gade,,,Saint Thomas,VI,00802,,1834 Kongens Gade,,,Saint Thomas,VI,00802,,(340)774-0100,http://www.vide.vi,No,No,No,28,2
